{
  "attack_root": "results/attacks/orbslam3/seq00_black_10pct_top_left_leftonly",
  "num_valid_runs": 3,
  "runs": [
    {
      "run_dir": "results/attacks/orbslam3/seq00_black_10pct_top_left_leftonly/run_repeat_manual_20260615_203211_job117677_pid2230673",
      "num_est_poses": 4541,
      "num_evaluated_poses": 4541,
      "ate_rmse_m": 8.022247622248539,
      "ate_rmse_percent_of_path": 0.21540936699748187,
      "segment_translation_error_percent_mean": 0.6592107564991665,
      "segment_rotation_error_deg_per_100m_mean": 0.2513819222433671,
      "num_segments_total": 3283
    },
    {
      "run_dir": "results/attacks/orbslam3/seq00_black_10pct_top_left_leftonly/run_repeat_manual_20260615_203211_job117678_pid2230635",
      "num_est_poses": 4541,
      "num_evaluated_poses": 4541,
      "ate_rmse_m": 7.728023767820536,
      "ate_rmse_percent_of_path": 0.20750901572159705,
      "segment_translation_error_percent_mean": 0.6548999268238105,
      "segment_rotation_error_deg_per_100m_mean": 0.24811836469959853,
      "num_segments_total": 3283
    },
    {
      "run_dir": "results/attacks/orbslam3/seq00_black_10pct_top_left_leftonly/run_repeat_manual_20260615_203211_job117679_pid2230632",
      "num_est_poses": 4541,
      "num_evaluated_poses": 4541,
      "ate_rmse_m": 7.84372012752242,
      "ate_rmse_percent_of_path": 0.21061563630735136,
      "segment_translation_error_percent_mean": 0.6676995834124799,
      "segment_rotation_error_deg_per_100m_mean": 0.25221174139748215,
      "num_segments_total": 3283
    }
  ],
  "ate_rmse_m": {
    "mean": 7.864663839197165,
    "std": 0.14822583588111002,
    "min": 7.728023767820536,
    "max": 8.022247622248539
  },
  "ate_rmse_percent_of_path": {
    "mean": 0.21117800634214343,
    "std": 0.0039800857544301385,
    "min": 0.20750901572159705,
    "max": 0.21540936699748187
  },
  "segment_translation_error_percent_mean": {
    "mean": 0.6606034222451523,
    "std": 0.006512483443894418,
    "min": 0.6548999268238105,
    "max": 0.6676995834124799
  },
  "segment_rotation_error_deg_per_100m_mean": {
    "mean": 0.2505706761134826,
    "std": 0.0021639139100559403,
    "min": 0.24811836469959853,
    "max": 0.25221174139748215
  }
}
